example_number,row_index,target_class,csv_row
1,793,benign,"https,0,0.883012,0,0,0.001,0.883012,99,64,dynamic,113132,8.946847,0,0,6564,146.090881,105266,31,0.883012,110.983772,0,1294,181.155,0,8.946847,68973.015625,33.974625,180.915,7866,107672,76,0.883012,0.034,1063.292969,130,28.762133,101108,28.762133,-0.878074,0,84,57.01623,1274,253.741928,34.500832,0,57.01623,0.883012,1013041.75,0.883012,34.500832,0,0,944068.6875,false,false,false,true,true,false,false,true,false,false,false,false,false"
2,63569,benign,"dns,0,0.000274,0,0,0,0.000274,1,64,registered,190,0,0,0,53,3649.635254,95,1,0.000274,0,0,95,0,0,0,0,0,0,95,106,95,0.000274,0,95,2,0,53,0,0,0,95,0,95,95,0,0,0,0.000274,0,0.000274,0,0,0,0,false,false,false,true,true,false,false,true,false,false,false,false,false"
3,206455,benign,"https,0.01866,51.195248,0,0.018851,0,51.195248,32,64,registered,12738,0,0,64128,8394,1.074318,2760,24,51.195248,0.605525,0.000191,1010,26048.464,0,2413.1625,1494.357422,0.44926,0,9978,9042,105,51.195248,22.089,86.25,56,3217.52575,648,0.023875,0.856669,139264,66,0.031416,147,415.75,5590.3115,0,222363.972193,51.195248,1912.20874,51.195248,0,4826.2765,0,417.851288,false,false,true,false,true,false,false,true,false,false,false,false,false"
4,34433,bruteforce,"smb,0.00026,0.002233,0,0.000323,0,0.002233,5,64,dynamic,1244,0,0,64256,370,4478.280273,470,6,0.002233,1791.312134,6.3e-05,260,1.467,0,0.657667,2310792.75,2239.140137,0,774,508,66,0.002233,0.017,94,11,0.4128,138,0,0.456693,263168,60,0,165,129,0.542636,0,0.539836,0.002233,3657859.25,0.002233,0,0.4128,0,1347066.75,false,false,true,false,true,false,false,false,false,false,false,false,true"
5,93502,bruteforce,"smb,0.000212,0.001683,0,0.000267,0,0.001683,5,64,registered,1244,0,0,64256,370,5941.770508,470,6,0.001683,2376.708252,5.5e-05,260,1.051,0,0.36775,3065953.75,2970.885254,0,774,508,66,0.001683,0.011,94,11,0.3062,138,0,0.456693,2107904,60,0,165,129,0.392033,0,0.385071,0.001683,4853238,0.001683,0,0.3062,0,1787284.625,false,false,true,false,true,false,false,false,false,false,false,false,true"
6,173687,bruteforce,"smb,0.000244,0.001988,0,0.000295,0,0.001988,5,64,registered,1244,0,0,64256,370,5030.181152,470,6,0.001988,2012.072388,5.1e-05,260,1.182,0,0.436,2595573.5,2515.090576,0,774,508,66,0.001988,0.015,94,11,0.3516,138,0,0.456693,2107904,60,0,165,129,0.446082,0,0.430833,0.001988,4108652,0.001988,0,0.3516,0,1513078.5,false,false,true,false,true,false,false,false,false,false,false,false,true"
7,57962,dos,"http,0.000229,0.000676,0,0.000274,0,0.000676,1,64,dynamic,303,0,0,64256,177,1479.289917,60,1,0.000676,0,4.5e-05,243,53248.004,0,75424.968,0,0,0,243,177,243,0.000676,53248.004,60,2,53248.004,0,0,1,1853440,60,0,60,243,0,0,10.31969,0.000676,0,0.000676,0,53248.004,0,0,false,false,true,false,true,false,false,false,false,false,false,false,true"
8,219525,dos,"not_applicable,0,59.795845,0,0,178.849,59.795845,77,64,not_applicable,13860,786.548813,0,0,1232,3.846421,4620,154,59.795845,1.270991,0,60,659.629,0,786.548813,1228.178955,2.558706,2221.671,9240,1848,60,59.795845,214.049,60,231,390.517187,616,390.517187,0.333333,0,60,98.953484,60,60,440.7535,0,98.953484,59.795845,1838.254761,59.795845,440.7535,0,0,610.075806,false,true,false,false,true,false,false,false,true,false,false,false,false"
9,232919,dos,"http,0.000243,0.275341,0,0.000288,0.041,0.275341,5,64,registered,3353,0.041,0,64128,376,39.950462,2507,7,0.275341,14.52744,4.5e-05,442,6496.104,0,1354.274,21093.84375,21.791161,0.041,846,2545,66,0.275341,6496.104,501.399994,12,967.349312,2169,6496.104,-0.704519,15616,66,0,1514,120.85714,91944.461563,0,77706.627017,0.275341,79377.9375,0.275341,0,45.890168,0,58284.089844,false,false,true,false,true,false,false,false,false,true,false,false,false"
10,59141,recon,"registered,0,0.000625,15,0,0,0.000625,1,49,dynamic,120,0,0,1024,0,1600,60,1,0.000625,0,0,60,0,0,0,0,0,0,60,0,60,0.000625,0,60,2,0,0,0,-0,0,60,0,60,60,0,0,0,0.000625,0,0.000625,0,0,0,0,false,false,true,false,true,false,false,false,false,false,false,false,true"
11,86767,recon,"registered,0,0,22,0,0,0,0,42,dynamic,60,0,0,23924,0,0,0,1,0,0,0,60,0,0,0,0,0,0,60,0,60,0,0,0,1,0,0,0,-0,0,0,0,0,60,0,0,0,0,0,0,0,0,0,0,false,false,true,false,true,false,false,false,false,false,false,true,false"
12,94380,recon,"registered,0,0,7,0,0,0,0,57,dynamic,60,0,0,0,0,0,0,1,0,0,0,60,0,0,0,0,0,0,60,0,60,0,0,0,1,0,0,0,-0,0,0,0,0,60,0,0,0,0,0,0,0,0,0,0,false,false,true,false,true,false,false,false,false,false,false,true,false"
