dataset,seed,test_row_count,classifier_a,classifier_b,prediction_disagreement,double_fault,error_set_jaccard
ROSIDS,27,27337,decision_tree,random_forest,0.0105351721111,0.0192413212862,0.659974905897
ROSIDS,27,27337,decision_tree,xgboost,0.0133884478911,0.0185462925705,0.600710900474
ROSIDS,27,27337,random_forest,xgboost,0.00760873541354,0.0189120971577,0.73125884017
ROSIDS,32,27337,decision_tree,random_forest,0.0101693675239,0.0195339649559,0.673392181589
ROSIDS,32,27337,decision_tree,xgboost,0.0134981892673,0.0182902293595,0.595238095238
ROSIDS,32,27337,random_forest,xgboost,0.00680396532173,0.0194242235798,0.762931034483
ROSIDS,59,27337,decision_tree,random_forest,0.0103888502762,0.0196437063321,0.670411985019
ROSIDS,59,27337,decision_tree,xgboost,0.013534769726,0.0185097121118,0.597402597403
ROSIDS,59,27337,random_forest,xgboost,0.0071331894502,0.0193144822036,0.75106685633
