seed,configuration_id,importance_level,transformed_feature,original_feature,importance
59,7eb62a443ff7,transformed_feature,numerical__syn_ack_time,syn_ack_time,0.0128573652094
59,7eb62a443ff7,transformed_feature,numerical__maximum_duration,maximum_duration,0.0133140807459
59,7eb62a443ff7,transformed_feature,numerical__source_hops,source_hops,0.0388729009997
59,7eb62a443ff7,transformed_feature,numerical__tcp_rtt,tcp_rtt,0.0101021846929
59,7eb62a443ff7,transformed_feature,numerical__destination_interpacket_time_minimum,destination_interpacket_time_minimum,0.00400971902701
59,7eb62a443ff7,transformed_feature,numerical__mean_duration,mean_duration,0.011060573467
59,7eb62a443ff7,transformed_feature,numerical__amount_of_destination_packets,amount_of_destination_packets,0.00847895790453
59,7eb62a443ff7,transformed_feature,numerical__source_ttl,source_ttl,0.0499466937072
59,7eb62a443ff7,transformed_feature,numerical__total_bytes,total_bytes,0.0387189188568
59,7eb62a443ff7,transformed_feature,numerical__destination_interpacket_time_active,destination_interpacket_time_active,0.00373099528073
59,7eb62a443ff7,transformed_feature,numerical__amount_of_destination_package_loss,amount_of_destination_package_loss,1.06583930219e-05
59,7eb62a443ff7,transformed_feature,numerical__source_window_in_bytes,source_window_in_bytes,0.0113446717505
59,7eb62a443ff7,transformed_feature,numerical__source_application_bytes,source_application_bytes,0.02486363762
59,7eb62a443ff7,transformed_feature,numerical__packet_rate,packet_rate,0.00777213035603
59,7eb62a443ff7,transformed_feature,numerical__destination_bytes,destination_bytes,0.0117282111543
59,7eb62a443ff7,transformed_feature,numerical__amount_of_source_packets,amount_of_source_packets,0.0146135465401
59,7eb62a443ff7,transformed_feature,numerical__minimum_duration,minimum_duration,0.0154950350751
59,7eb62a443ff7,transformed_feature,numerical__destination_packet_rate,destination_packet_rate,0.0112900875578
59,7eb62a443ff7,transformed_feature,numerical__acknowledgement_data_time,acknowledgement_data_time,0.000702171443844
59,7eb62a443ff7,transformed_feature,numerical__source_maximum_packet_size,source_maximum_packet_size,0.0267536485517
59,7eb62a443ff7,transformed_feature,numerical__source_interpacket_time_maximum,source_interpacket_time_maximum,0.0689528155536
59,7eb62a443ff7,transformed_feature,numerical__amount_of_package_loss,amount_of_package_loss,0.0010446465939
59,7eb62a443ff7,transformed_feature,numerical__destination_interpacket_time,destination_interpacket_time,0.00698221805736
59,7eb62a443ff7,transformed_feature,numerical__source_load,source_load,0.0226677550476
59,7eb62a443ff7,transformed_feature,numerical__source_packet_rate,source_packet_rate,0.00556772395791
59,7eb62a443ff7,transformed_feature,numerical__destination_interpacket_time_maximum,destination_interpacket_time_maximum,0.00279121967369
59,7eb62a443ff7,transformed_feature,numerical__source_bytes,source_bytes,0.0389417742264
59,7eb62a443ff7,transformed_feature,numerical__total_application_bytes,total_application_bytes,0.0372550971534
59,7eb62a443ff7,transformed_feature,numerical__source_minimum_packet_size,source_minimum_packet_size,0.009498099384
59,7eb62a443ff7,transformed_feature,numerical__total_duration,total_duration,0.0133952098088
59,7eb62a443ff7,transformed_feature,numerical__source_interpacket_time_minimum,source_interpacket_time_minimum,0.056041151446
59,7eb62a443ff7,transformed_feature,numerical__destination_mean_packet_size,destination_mean_packet_size,0.0112730130865
59,7eb62a443ff7,transformed_feature,numerical__total_packets,total_packets,0.0115924660862
59,7eb62a443ff7,transformed_feature,numerical__source_interpacket_time,source_interpacket_time,0.0584481892079
59,7eb62a443ff7,transformed_feature,numerical__destination_application_bytes,destination_application_bytes,0.0191434697291
59,7eb62a443ff7,transformed_feature,numerical__source_interpacket_time_active,source_interpacket_time_active,0.00248700708747
59,7eb62a443ff7,transformed_feature,numerical__producer_consumer_ratio,producer_consumer_ratio,0.0111651543412
59,7eb62a443ff7,transformed_feature,numerical__destination_window_in_bytes,destination_window_in_bytes,0.0247550338122
59,7eb62a443ff7,transformed_feature,numerical__destination_minimum_packet_size,destination_minimum_packet_size,0.0101474868192
59,7eb62a443ff7,transformed_feature,numerical__source_active_jitter,source_active_jitter,0.000795529100586
59,7eb62a443ff7,transformed_feature,numerical__destination_maximum_packet_size,destination_maximum_packet_size,0.016093010129
59,7eb62a443ff7,transformed_feature,numerical__source_mean_packet_size,source_mean_packet_size,0.0146134145025
59,7eb62a443ff7,transformed_feature,numerical__destination_jitter,destination_jitter,0.00195520555469
59,7eb62a443ff7,transformed_feature,numerical__packet_loss_percentage,packet_loss_percentage,0.00257619139771
59,7eb62a443ff7,transformed_feature,numerical__source_jitter,source_jitter,0.0342374202
59,7eb62a443ff7,transformed_feature,numerical__duration,duration,0.0141575092331
59,7eb62a443ff7,transformed_feature,numerical__load,load,0.0161195639014
59,7eb62a443ff7,transformed_feature,numerical__run_time,run_time,0.020975626752
59,7eb62a443ff7,transformed_feature,numerical__destination_active_jitter,destination_active_jitter,0.000887159317453
59,7eb62a443ff7,transformed_feature,numerical__source_interpacket_time_idle,source_interpacket_time_idle,0.00858633304656
59,7eb62a443ff7,transformed_feature,numerical__amount_of_source_packets_loss,amount_of_source_packets_loss,0.000687512241425
59,7eb62a443ff7,transformed_feature,numerical__destination_load,destination_load,0.00347322702136
59,7eb62a443ff7,transformed_feature,numerical__protocol_arp,protocol_arp,0.00640572648666
59,7eb62a443ff7,transformed_feature,numerical__protocol_icmp,protocol_icmp,0.00162233346514
59,7eb62a443ff7,transformed_feature,numerical__protocol_tcp,protocol_tcp,0.0150520443986
59,7eb62a443ff7,transformed_feature,numerical__protocol_udp,protocol_udp,0.00942363519028
59,7eb62a443ff7,transformed_feature,numerical__flags_e,flags_e,0.000195310269736
59,7eb62a443ff7,transformed_feature,numerical__flags_e_star,flags_e_star,1.67781253954e-05
59,7eb62a443ff7,transformed_feature,numerical__flags_e_s,flags_e_s,0.000126053184542
59,7eb62a443ff7,transformed_feature,numerical__state_con,state_con,0.00786571001433
59,7eb62a443ff7,transformed_feature,numerical__state_eco,state_eco,3.29245650485e-05
59,7eb62a443ff7,transformed_feature,numerical__state_fin,state_fin,0.00109667604738
59,7eb62a443ff7,transformed_feature,numerical__state_int,state_int,0.000483543210546
59,7eb62a443ff7,transformed_feature,numerical__state_req,state_req,7.75586315518e-05
59,7eb62a443ff7,transformed_feature,numerical__state_rst,state_rst,0.0037590915295
59,7eb62a443ff7,transformed_feature,categorical__destination_port_category_dns,destination_port_category,0.0101261760361
59,7eb62a443ff7,transformed_feature,categorical__destination_port_category_dynamic,destination_port_category,8.00998977474e-06
59,7eb62a443ff7,transformed_feature,categorical__destination_port_category_ftp,destination_port_category,0.00992605442523
59,7eb62a443ff7,transformed_feature,categorical__destination_port_category_http,destination_port_category,0.0257338175397
59,7eb62a443ff7,transformed_feature,categorical__destination_port_category_https,destination_port_category,0.0157270010852
59,7eb62a443ff7,transformed_feature,categorical__destination_port_category_mdns,destination_port_category,5.08449038826e-05
59,7eb62a443ff7,transformed_feature,categorical__destination_port_category_netbios,destination_port_category,0.000375070511511
59,7eb62a443ff7,transformed_feature,categorical__destination_port_category_not_applicable,destination_port_category,0.000543682107494
59,7eb62a443ff7,transformed_feature,categorical__destination_port_category_registered,destination_port_category,0.00136434266197
59,7eb62a443ff7,transformed_feature,categorical__destination_port_category_smb,destination_port_category,0.0184080810061
59,7eb62a443ff7,transformed_feature,categorical__destination_port_category_smtps,destination_port_category,3.81203769191e-06
59,7eb62a443ff7,transformed_feature,categorical__destination_port_category_ssh,destination_port_category,0.00713671224412
59,7eb62a443ff7,transformed_feature,categorical__destination_port_category_well_known,destination_port_category,6.68716763323e-05
59,7eb62a443ff7,transformed_feature,categorical__source_port_category_dynamic,source_port_category,1.59605909981e-05
59,7eb62a443ff7,transformed_feature,categorical__source_port_category_http,source_port_category,0.000140921161631
59,7eb62a443ff7,transformed_feature,categorical__source_port_category_mdns,source_port_category,1.62515753372e-05
59,7eb62a443ff7,transformed_feature,categorical__source_port_category_netbios,source_port_category,0.000367472967574
59,7eb62a443ff7,transformed_feature,categorical__source_port_category_not_applicable,source_port_category,0.000749953493657
59,7eb62a443ff7,transformed_feature,categorical__source_port_category_registered,source_port_category,7.28493968892e-05
59,7eb62a443ff7,transformed_feature,categorical__source_port_category_well_known,source_port_category,3.53076665103e-05
59,7eb62a443ff7,original_feature,,acknowledgement_data_time,0.000702171443844
59,7eb62a443ff7,original_feature,,amount_of_destination_package_loss,1.06583930219e-05
59,7eb62a443ff7,original_feature,,amount_of_destination_packets,0.00847895790453
59,7eb62a443ff7,original_feature,,amount_of_package_loss,0.0010446465939
59,7eb62a443ff7,original_feature,,amount_of_source_packets,0.0146135465401
59,7eb62a443ff7,original_feature,,amount_of_source_packets_loss,0.000687512241425
59,7eb62a443ff7,original_feature,,destination_active_jitter,0.000887159317453
59,7eb62a443ff7,original_feature,,destination_application_bytes,0.0191434697291
59,7eb62a443ff7,original_feature,,destination_bytes,0.0117282111543
59,7eb62a443ff7,original_feature,,destination_interpacket_time,0.00698221805736
59,7eb62a443ff7,original_feature,,destination_interpacket_time_active,0.00373099528073
59,7eb62a443ff7,original_feature,,destination_interpacket_time_maximum,0.00279121967369
59,7eb62a443ff7,original_feature,,destination_interpacket_time_minimum,0.00400971902701
59,7eb62a443ff7,original_feature,,destination_jitter,0.00195520555469
59,7eb62a443ff7,original_feature,,destination_load,0.00347322702136
59,7eb62a443ff7,original_feature,,destination_maximum_packet_size,0.016093010129
59,7eb62a443ff7,original_feature,,destination_mean_packet_size,0.0112730130865
59,7eb62a443ff7,original_feature,,destination_minimum_packet_size,0.0101474868192
59,7eb62a443ff7,original_feature,,destination_packet_rate,0.0112900875578
59,7eb62a443ff7,original_feature,,destination_port_category,0.0894704762251
59,7eb62a443ff7,original_feature,,destination_window_in_bytes,0.0247550338122
59,7eb62a443ff7,original_feature,,duration,0.0141575092331
59,7eb62a443ff7,original_feature,,flags_e,0.000195310269736
59,7eb62a443ff7,original_feature,,flags_e_s,0.000126053184542
59,7eb62a443ff7,original_feature,,flags_e_star,1.67781253954e-05
59,7eb62a443ff7,original_feature,,load,0.0161195639014
59,7eb62a443ff7,original_feature,,maximum_duration,0.0133140807459
59,7eb62a443ff7,original_feature,,mean_duration,0.011060573467
59,7eb62a443ff7,original_feature,,minimum_duration,0.0154950350751
59,7eb62a443ff7,original_feature,,packet_loss_percentage,0.00257619139771
59,7eb62a443ff7,original_feature,,packet_rate,0.00777213035603
59,7eb62a443ff7,original_feature,,producer_consumer_ratio,0.0111651543412
59,7eb62a443ff7,original_feature,,protocol_arp,0.00640572648666
59,7eb62a443ff7,original_feature,,protocol_icmp,0.00162233346514
59,7eb62a443ff7,original_feature,,protocol_tcp,0.0150520443986
59,7eb62a443ff7,original_feature,,protocol_udp,0.00942363519028
59,7eb62a443ff7,original_feature,,run_time,0.020975626752
59,7eb62a443ff7,original_feature,,source_active_jitter,0.000795529100586
59,7eb62a443ff7,original_feature,,source_application_bytes,0.02486363762
59,7eb62a443ff7,original_feature,,source_bytes,0.0389417742264
59,7eb62a443ff7,original_feature,,source_hops,0.0388729009997
59,7eb62a443ff7,original_feature,,source_interpacket_time,0.0584481892079
59,7eb62a443ff7,original_feature,,source_interpacket_time_active,0.00248700708747
59,7eb62a443ff7,original_feature,,source_interpacket_time_idle,0.00858633304656
59,7eb62a443ff7,original_feature,,source_interpacket_time_maximum,0.0689528155536
59,7eb62a443ff7,original_feature,,source_interpacket_time_minimum,0.056041151446
59,7eb62a443ff7,original_feature,,source_jitter,0.0342374202
59,7eb62a443ff7,original_feature,,source_load,0.0226677550476
59,7eb62a443ff7,original_feature,,source_maximum_packet_size,0.0267536485517
59,7eb62a443ff7,original_feature,,source_mean_packet_size,0.0146134145025
59,7eb62a443ff7,original_feature,,source_minimum_packet_size,0.009498099384
59,7eb62a443ff7,original_feature,,source_packet_rate,0.00556772395791
59,7eb62a443ff7,original_feature,,source_port_category,0.0013987168526
59,7eb62a443ff7,original_feature,,source_ttl,0.0499466937072
59,7eb62a443ff7,original_feature,,source_window_in_bytes,0.0113446717505
59,7eb62a443ff7,original_feature,,state_con,0.00786571001433
59,7eb62a443ff7,original_feature,,state_eco,3.29245650485e-05
59,7eb62a443ff7,original_feature,,state_fin,0.00109667604738
59,7eb62a443ff7,original_feature,,state_int,0.000483543210546
59,7eb62a443ff7,original_feature,,state_req,7.75586315518e-05
59,7eb62a443ff7,original_feature,,state_rst,0.0037590915295
59,7eb62a443ff7,original_feature,,syn_ack_time,0.0128573652094
59,7eb62a443ff7,original_feature,,tcp_rtt,0.0101021846929
59,7eb62a443ff7,original_feature,,total_application_bytes,0.0372550971534
59,7eb62a443ff7,original_feature,,total_bytes,0.0387189188568
59,7eb62a443ff7,original_feature,,total_duration,0.0133952098088
59,7eb62a443ff7,original_feature,,total_packets,0.0115924660862
